{
  "project": {
    "version": "1.4.0",
    "name": "lbd-free-angular-cli"
  },
  "apps": [
    {
      "root": "src",
      "outDir": "dist",
      "assets": [
        "assets",
        "favicon.ico"
      ],
      "index": "index.html",
      "main": "main.ts",
      "polyfills": "polyfills.ts",
      "test": "test.ts",
      "tsconfig": "tsconfig.json",
      "prefix": "app",
      "styles": [
        "assets/sass/light-bootstrap-dashboard.scss"
      ],
      "scripts": [
          "../node_modules/jquery/dist/jquery.js",
          "../node_modules/bootstrap/dist/js/bootstrap.js",
          "../node_modules/bootstrap-notify/bootstrap-notify.js",
          "../node_modules/chartist/dist/chartist.js"
      ],
        "environmentSource": "environments/environment.ts",
        "environments": {
            "dev": "environments/environment.ts",
            "prod": "environments/environment.prod.ts"
        }
    }
  ],
  "e2e": {
    "protractor": {
      "config": "./protractor.conf.js"
    }
  },
  "lint": [
    {
      "files": "src/**/*.ts",
      "project": "src/tsconfig.json"
    },
    {
      "files": "e2e/**/*.ts",
      "project": "e2e/tsconfig.json"
    }
  ],
  "test": {
    "karma": {
      "config": "./karma.conf.js"
    }
  },
  "defaults": {
      "styleExt": "scss",
      "component": {}
  }
}
